,model_name,MSE_mean,MSE_std
0,initial_5,0.000227890505524,8.41795480486e-05
0,initial_1,0.000242115212363,9.78468930867e-05
0,initial_2,0.000230228961681,9.26032392787e-05
0,initial_3,0.000231954352491,0.000104559960934
0,initial_4,0.000243426703756,8.13162674309e-05
0,initial_5,0.000227890505524,8.41795480486e-05
0,stack_1,0.000244769769418,8.9993707722e-05
0,stack_2,0.000281560720542,0.00019726227654
0,stack_3,0.000333506863953,0.000172883384857
